USE Neflis;
GO

CREATE TABLE Peliculas (Cod_pelicula INT PRIMARY KEY, Nombre VARCHAR(50), Genero VARCHAR(50), Duracion VARCHAR(50), Clasificacion VARCHAR(50));
CREATE TABLE Usuario (Cod_Usuario INT PRIMARY KEY, Usuario VARCHAR(50), Correo VARCHAR(50), Contrasena VARCHAR(50));
CREATE TABLE Suscripcion (Cod_Usuario INT PRIMARY KEY, Suscrito BIT DEFAULT 0, Fecha_suscripcion DATE, Fecha_Cancelacion DATE, FOREIGN KEY (Cod_Usuario) REFERENCES Usuario(Cod_Usuario))
CREATE TABLE Calificacion (Cod_pelicula INT,Cod_Usuario INT, Calificacion INT, PRIMARY KEY (Cod_pelicula, Cod_Usuario),FOREIGN KEY (Cod_Usuario) REFERENCES Usuario(Cod_Usuario),FOREIGN KEY (Cod_Pelicula) REFERENCES Peliculas(Cod_Pelicula));

INSERT INTO Usuario (Cod_Usuario, Usuario, Correo, Contrasena) VALUES
(1,'alex_morales','alex@gmail.com','1234'),
(2,'sofia_ruiz','sofia@gmail.com','1234'),
(3,'carlos_hernandez','carlos@gmail.com','1234'),
(4,'laura_perez','laura@gmail.com','1234'),
(5,'daniel_lopez','daniel@gmail.com','1234'),
(6,'valeria_castro','valeria@gmail.com','1234'),
(7,'jorge_mendez','jorge@gmail.com','1234'),
(8,'paola_soto','paola@gmail.com','1234'),
(9,'andres_gomez','andres@gmail.com','1234'),
(10,'camila_rojas','camila@gmail.com','1234'),
(11,'diego_ramirez','diego@gmail.com','1234'),
(12,'ana_velasquez','ana@gmail.com','1234'),
(13,'miguel_torres','miguel@gmail.com','1234'),
(14,'fernanda_arias','fernanda@gmail.com','1234'),
(15,'luis_castillo','luis@gmail.com','1234'),
(16,'karla_moreno','karla@gmail.com','1234'),
(17,'ricardo_diaz','ricardo@gmail.com','1234'),
(18,'gabriela_reyes','gabriela@gmail.com','1234'),
(19,'oscar_flores','oscar@gmail.com','1234'),
(20,'monica_leon','monica@gmail.com','1234'),
(21,'edgar_silva','edgar@gmail.com','1234'),
(22,'diana_vargas','diana@gmail.com','1234'),
(23,'hector_pineda','hector@gmail.com','1234'),
(24,'adriana_navarro','adriana@gmail.com','1234'),
(25,'raul_cortez','raul@gmail.com','1234'),
(26,'ximena_garcia','ximena@gmail.com','1234'),
(27,'ivan_salazar','ivan@gmail.com','1234'),
(28,'paulina_ortiz','paulina@gmail.com','1234'),
(29,'francisco_mejia','francisco@gmail.com','1234'),
(30,'alejandra_ramos','alejandra@gmail.com','1234'),
(31,'sergio_aguilar','sergio@gmail.com','1234'),
(32,'beatriz_molina','beatriz@gmail.com','1234'),
(33,'alberto_fuentes','alberto@gmail.com','1234'),
(34,'lorena_cano','lorena@gmail.com','1234'),
(35,'marco_quiroz','marco@gmail.com','1234'),
(36,'patricia_delgado','patricia@gmail.com','1234'),
(37,'victor_martinez','victor@gmail.com','1234'),
(38,'nancy_esquivel','nancy@gmail.com','1234'),
(39,'julio_escobar','julio@gmail.com','1234'),
(40,'rocio_maldonado','rocio@gmail.com','1234'),
(41,'esteban_sosa','esteban@gmail.com','1234'),
(42,'clara_ibarra','clara@gmail.com','1234'),
(43,'brayan_carrillo','brayan@gmail.com','1234'),
(44,'lidia_sanchez','lidia@gmail.com','1234'),
(45,'kevin_bautista','kevin@gmail.com','1234'),
(46,'teresa_oliva','teresa@gmail.com','1234'),
(47,'ismael_paz','ismael@gmail.com','1234'),
(48,'noelia_duarte','noelia@gmail.com','1234'),
(49,'daniela_chavez','daniela@gmail.com','1234'),
(50,'sebastian_zuniga','sebastian@gmail.com','1234');

INSERT INTO Peliculas (Cod_pelicula, Nombre, Genero, Duracion, Clasificacion) VALUES
(1,'Sombras del Destino','Drama','120','PG-13'),
(2,'Codigo Mortal','Accion','110','R'),
(3,'Risas en la Oscuridad','Comedia','95','PG'),
(4,'El Ultimo Grito','Terror','100','R'),
(5,'Fuego Infinito','Accion','130','PG-13'),
(6,'Lagrimas del Alma','Drama','115','PG'),
(7,'Amor en Pausa','Romance','90','PG'),
(8,'La Casa del Eco','Terror','105','R'),
(9,'Velocidad Extrema','Accion','125','PG-13'),
(10,'Recuerdos Perdidos','Drama','118','PG'),
(11,'Locura Total','Comedia','98','PG'),
(12,'Noche Sin Fin','Terror','102','R'),
(13,'Zona de Guerra','Accion','135','PG-13'),
(14,'El Silencio Azul','Drama','112','PG'),
(15,'Cita Perfecta','Romance','97','PG'),
(16,'Pesadilla Viva','Terror','101','R'),
(17,'Mision Final','Accion','128','PG-13'),
(18,'Historias Cruzadas','Drama','119','PG'),
(19,'Riendo sin Parar','Comedia','96','PG'),
(20,'El Susurro','Terror','104','R'),
(21,'Operacion Fenix','Accion','122','PG-13'),
(22,'Bajo la Lluvia','Drama','111','PG'),
(23,'Amigos por Siempre','Comedia','94','PG'),
(24,'El Reflejo','Terror','103','R'),
(25,'Impacto Total','Accion','129','PG-13'),
(26,'Corazon Roto','Drama','117','PG'),
(27,'Vacaciones Locas','Comedia','92','PG'),
(28,'La Sombra Negra','Terror','106','R'),
(29,'Ultima Batalla','Accion','127','PG-13'),
(30,'Cartas al Olvido','Drama','113','PG'),
(31,'Diversion Extrema','Comedia','99','PG'),
(32,'Camino Oscuro','Terror','107','R'),
(33,'Fuerza Imparable','Accion','126','PG-13'),
(34,'Tiempo Perdido','Drama','116','PG'),
(35,'Humor Fatal','Comedia','91','PG'),
(36,'Grito Final','Terror','108','R'),
(37,'Zona Roja','Accion','124','PG-13'),
(38,'Destino Cruel','Drama','114','PG'),
(39,'Plan Perfecto','Comedia','93','PG'),
(40,'El Ultimo Ritual','Terror','109','R'),
(41,'Carga Letal','Accion','123','PG-13'),
(42,'Miradas','Drama','118','PG'),
(43,'Fiesta Total','Comedia','95','PG'),
(44,'Sombras Vivas','Terror','100','R'),
(45,'Fuerza Bruta','Accion','130','PG-13'),
(46,'Alma Libre','Drama','112','PG'),
(47,'Amor Express','Romance','97','PG'),
(48,'El Abismo','Terror','101','R'),
(49,'Golpe Maestro','Accion','128','PG-13'),
(50,'Ecos del Pasado','Drama','115','PG');

INSERT INTO Calificacion (Cod_pelicula, Cod_Usuario, Calificacion) VALUES
(1,1,5),(2,1,4),(3,2,3),(4,2,5),(5,3,4),
(6,3,2),(7,4,5),(8,4,3),(9,5,4),(10,5,5),
(11,6,3),(12,6,4),(13,7,5),(14,7,4),(15,8,2),
(16,8,3),(17,9,5),(18,9,4),(19,10,3),(20,10,5),
(21,11,4),(22,11,2),(23,12,5),(24,12,3),(25,13,4),
(26,13,5),(27,14,3),(28,14,4),(29,15,5),(30,15,4),
(31,16,3),(32,16,5),(33,17,4),(34,17,2),(35,18,5),
(36,18,3),(37,19,4),(38,19,5),(39,20,3),(40,20,4),
(41,21,5),(42,22,4),(43,23,3),(44,24,5),(45,25,4),
(46,26,3),(47,27,5),(48,28,4),(49,29,3),(50,30,5);

INSERT INTO Suscripcion (Cod_Usuario, Suscrito, Fecha_suscripcion, Fecha_Cancelacion) VALUES
(1,1,'2025-01-01',NULL),
(2,0,'2025-01-02','2025-02-01'),
(3,1,'2025-01-03',NULL),
(4,1,'2025-01-04',NULL),
(5,0,'2025-01-05','2025-02-10'),
(6,1,'2025-01-06',NULL),
(7,1,'2025-01-07',NULL),
(8,0,'2025-01-08','2025-03-01'),
(9,1,'2025-01-09',NULL),
(10,1,'2025-01-10',NULL),
(11,0,'2025-01-11','2025-02-15'),
(12,1,'2025-01-12',NULL),
(13,1,'2025-01-13',NULL),
(14,0,'2025-01-14','2025-02-20'),
(15,1,'2025-01-15',NULL),
(16,1,'2025-01-16',NULL),
(17,0,'2025-01-17','2025-03-05'),
(18,1,'2025-01-18',NULL),
(19,1,'2025-01-19',NULL),
(20,0,'2025-01-20','2025-02-25'),
(21,1,'2025-01-21',NULL),
(22,1,'2025-01-22',NULL),
(23,0,'2025-01-23','2025-03-10'),
(24,1,'2025-01-24',NULL),
(25,1,'2025-01-25',NULL),
(26,0,'2025-01-26','2025-02-28'),
(27,1,'2025-01-27',NULL),
(28,1,'2025-01-28',NULL),
(29,0,'2025-01-29','2025-03-15'),
(30,1,'2025-01-30',NULL),
(31,1,'2025-01-31',NULL),
(32,0,'2025-02-01','2025-03-20'),
(33,1,'2025-02-02',NULL),
(34,1,'2025-02-03',NULL),
(35,0,'2025-02-04','2025-03-25'),
(36,1,'2025-02-05',NULL),
(37,1,'2025-02-06',NULL),
(38,0,'2025-02-07','2025-03-28'),
(39,1,'2025-02-08',NULL),
(40,1,'2025-02-09',NULL),
(41,0,'2025-02-10','2025-04-01'),
(42,1,'2025-02-11',NULL),
(43,1,'2025-02-12',NULL),
(44,0,'2025-02-13','2025-04-05'),
(45,1,'2025-02-14',NULL),
(46,1,'2025-02-15',NULL),
(47,0,'2025-02-16','2025-04-10'),
(48,1,'2025-02-17',NULL),
(49,1,'2025-02-18',NULL),
(50,0,'2025-02-19','2025-04-15');

Select * FROM Usuario;
Select * FROM Peliculas;
Select * FROM Suscripcion;
Select * FROM Calificacio n;